Metric,Count,Percentage
On-Time,270048,79.69285341187094
Early,9775,2.8846636231375107
Late,59038,17.422482964991545
Total,338861,100.0
